<?xml version="1.0" encoding="UTF-8"?>

<ExtensionManifest Version="5.0"
                   ExtensionBundleId="FrogPanelExtension"
                   ExtensionBundleVersion="1.0.0"
                   ExtensionBundleName="panel">
    <ExtensionList>
        <Extension Id="FROG" Version="1.0"/>
    </ExtensionList>
    <ExecutionEnvironment>
        <HostList>
            <Host Name="PHXS" Version="[14.0,99.9]"/>
        </HostList>
        <LocaleList>
            <Locale Code="All"/>
        </LocaleList>
        <RequiredRuntimeList>
            <RequiredRuntime Name="CSXS" Version="5.0"/>
        </RequiredRuntimeList>
    </ExecutionEnvironment>
    <DispatchInfoList>
        <Extension Id="FROG">
            <DispatchInfo>
                <Resources>
                    <MainPath>./index.html</MainPath>
                    <ScriptPath>./jsx/photoshop.jsx</ScriptPath>
                    <CEFCommandLine>
                        <Parameter>--enable-nodejs</Parameter>
                        <Parameter>--enable-experimental-web-platform-features</Parameter>
                        <Parameter>--enable-file-cookies</Parameter>
                        <Parameter>--allow-file-access-from-files</Parameter>
                    </CEFCommandLine>
                </Resources>
                <UI>
                    <Type>Panel</Type>
                    <Menu>Frog</Menu>
                    <Geometry>
                        <Size>
                            <Height>300</Height>
                            <Width>300</Width>
                        </Size>
                    </Geometry>
                    <Icons>
                        <Icon Type="Normal">./img/panel_icon.png</Icon>
                    </Icons>
                </UI>
            </DispatchInfo>
        </Extension>
    </DispatchInfoList>
</ExtensionManifest>